City,Country,Lat,Lng,Max Temp,Humidity,Cloudiness,Wind Speed,Date
umm kaddadah,SD,13.6,26.69,65.89,20,18,10.51,1584329105
cap malheureux,MU,-19.98,57.61,75.99,94,75,2.24,1584329218
rikitea,PF,-23.12,-134.97,79.63,79,3,12.71,1584329206
leningradskiy,RU,69.38,178.42,13.6,73,0,4.23,1584329218
yellowknife,CA,62.46,-114.35,10.4,66,20,18.34,1584328948
new norfolk,AU,-42.78,147.06,66.99,52,20,14.99,1584329384
qaanaaq,GL,77.48,-69.36,-2.33,51,100,6.87,1584329212
tuktoyaktuk,CA,69.45,-133.04,-7.6,76,20,5.82,1584329086
gweru,ZW,-19.45,29.82,61.66,83,88,3.65,1584329384
karratha,AU,-20.74,116.85,86.41,70,0,8.21,1584328820
tasiilaq,GL,65.61,-37.64,8.6,50,100,14.99,1584329217
jamestown,US,42.1,-79.24,28.99,50,1,10.29,1584329192
nyuksenitsa,RU,60.41,44.24,15.08,88,0,8.39,1584329385
atuona,PF,-9.8,-139.03,82.2,65,0,8.75,1584329214
russkaya polyana,UA,49.42,31.92,30.11,56,0,9.44,1584329385
porto novo,BJ,6.5,2.6,81.63,84,7,6.8,1584329167
cape town,ZA,-33.93,18.42,64.4,68,20,14.99,1584328942
mataura,NZ,-46.19,168.86,54,71,97,15.01,1584328951
punta arenas,CL,-53.15,-70.92,55.4,87,75,16.11,1584329070
baoning,CN,25.34,110.03,60.8,82,90,2.24,1584329386
teacapan,MX,22.55,-105.75,68.27,81,80,1.01,1584329386
kenai,US,60.55,-151.26,30,42,1,3.36,1584329371
gewane,ET,10.17,40.65,75.13,75,100,7.36,1584329387
antofagasta,CL,-23.65,-70.4,64.4,88,75,3.36,1584329387
airai,TL,-8.93,125.41,80.28,58,97,5.86,1584329286
bredasdorp,ZA,-34.53,20.04,62.6,88,76,11.41,1584328807
mpongwe,ZM,-13.51,28.16,64.62,96,100,1.68,1584329387
torbay,CA,47.67,-52.73,26.01,73,20,9.17,1584329307
nikolskoye,RU,59.7,30.79,33.8,69,90,11.18,1584329221
provideniya,RU,64.38,-173.3,23,92,90,4.47,1584329000
puerto ayora,EC,-0.74,-90.35,79,83,20,8.05,1584329319
chuy,UY,-33.7,-53.46,61.84,74,99,4.61,1584328933
iqaluit,CA,63.75,-68.51,-0.4,64,90,13.87,1584329252
ixtapa,MX,20.7,-105.2,73.4,83,5,2.06,1584329321
chokurdakh,RU,70.63,147.92,-9.85,87,0,5.7,1584329274
hilo,US,19.73,-155.09,77,69,75,13.87,1584329219
hithadhoo,MV,-0.6,73.08,83.16,62,100,5.84,1584329278
tiksi,RU,71.69,128.87,9.09,81,100,20.58,1584328867
minot,US,48.23,-101.3,30.2,92,90,7.02,1584329341
mount gambier,AU,-37.83,140.77,73.4,35,0,9.17,1584329281
hobart,AU,-42.88,147.33,66.99,52,20,14.99,1584329171
bethel,US,41.37,-73.41,43,32,1,4.7,1584329231
narsaq,GL,60.92,-46.05,21.2,67,100,0.69,1584329284
butaritari,KI,3.07,172.79,84.04,78,88,13.04,1584328954
ushuaia,AR,-54.8,-68.3,53.6,71,40,4.38,1584329153
albany,US,42.6,-73.97,30,50,1,11.41,1584329112
urumqi,CN,43.8,87.6,44.6,42,0,2.24,1584329098
ostrovnoy,RU,68.05,39.51,24.62,95,100,7.56,1584329270
tilbury,GB,51.46,0.36,45,75,0,4.7,1584329391
esperance,AU,-33.87,121.9,78.8,57,40,8.05,1584329234
busselton,AU,-33.65,115.33,75,65,91,4,1584329219
dikson,RU,73.51,80.55,-14.04,100,100,8.28,1584328965
sao joao da barra,BR,-21.64,-41.05,77.74,87,0,12.17,1584329243
padang,ID,-0.95,100.35,84.29,56,25,1.95,1584329080
alappuzha,IN,9.49,76.33,84.6,66,100,2.19,1584329362
arraial do cabo,BR,-22.97,-42.03,77.9,83,0,26.57,1584329071
thompson,CA,55.74,-97.86,15.8,85,90,14.99,1584328643
ilulissat,GL,69.22,-51.1,-9.4,47,93,8.05,1584328995
carmo,BR,-21.93,-42.61,66.18,97,25,2.06,1584329392
byron bay,AU,-28.65,153.62,77,78,40,17.22,1584329393
mahebourg,MU,-20.41,57.7,75.99,94,75,2.24,1584329113
kapaa,US,22.08,-159.32,78.8,74,20,11.41,1584329227
lebu,CL,-37.62,-73.65,56.28,76,0,8.46,1584329393
longyearbyen,SJ,78.22,15.64,-0.4,84,90,4.7,1584329202
bandipur,NP,27.93,84.42,66.13,29,0,1.88,1584329280
ampanihy,MG,-24.7,44.75,68.59,97,4,5.14,1584329393
castro,BR,-24.79,-50.01,65.79,86,13,3.42,1584329253
bambous virieux,MU,-20.34,57.76,77,94,75,2.24,1584329364
vaini,TO,-21.2,-175.2,84.2,83,90,12.75,1584328949
eureka,US,40.8,-124.16,44.6,65,75,6.93,1584329388
anisoc,GQ,1.87,10.77,70.34,98,92,3.04,1584329394
bluff,NZ,-46.6,168.33,54,71,67,15.01,1584329224
destin,US,30.39,-86.5,69.01,82,1,3.36,1584329394
port elizabeth,ZA,-33.92,25.57,62.6,93,75,5.82,1584329217
lavrentiya,RU,65.58,-171,25.83,83,0,7.25,1584329395
coolum beach,AU,-26.53,153.1,77,66,57,3,1584329395
qaqortoq,GL,60.72,-46.03,21.2,67,22,29.26,1584329116
alofi,NU,-19.06,-169.92,84.2,79,100,5.82,1584329072
baracoa,CU,20.35,-74.5,75.58,80,21,18.3,1584329395
faanui,PF,-16.48,-151.75,83.32,71,8,10.18,1584329197
shenkursk,RU,62.11,42.9,20.98,73,94,14.54,1584329396
jiazi,CN,22.88,116.07,71.33,49,15,13.22,1584329396
marsa matruh,EG,31.35,27.25,51.8,93,0,4.54,1584329396
bolhrad,UA,45.68,28.61,23,67,0,8.05,1584329396
faya,SA,18.39,42.45,55.4,93,16,3.53,1584329213
udachnyy,RU,66.42,112.4,24.8,92,90,6.71,1584329396
souillac,MU,-20.52,57.52,75.99,94,75,2.24,1584328878
usinsk,RU,65.99,57.53,12.22,92,100,22.26,1584329397
challakere,IN,14.32,76.65,79.52,48,1,10.85,1584329397
port alfred,ZA,-33.59,26.89,63,98,100,10.76,1584329259
bathsheba,BB,13.22,-59.52,77,78,40,8.05,1584328886
hermanus,ZA,-34.42,19.23,64.63,77,50,32.01,1584328953
carnarvon,AU,-24.87,113.63,84.2,62,8,16.11,1584329023
kavieng,PG,-2.57,150.8,83.88,72,100,9.55,1584329074
pacific grove,US,36.62,-121.92,52,93,90,4.7,1584329398
saint-philippe,RE,-21.36,55.77,78.8,78,90,10.29,1584329289
barrow,US,71.29,-156.79,14,85,90,16.11,1584329233
riyadh,SA,24.69,46.72,60.8,51,0,4.7,1584329161
voyinka,UA,45.87,33.99,32.23,54,0,10.45,1584329399
ambulu,ID,-8.35,113.61,81.86,74,0,1.66,1584329399
lata,PT,40.16,-8.33,48,81,40,3.36,1584329219
neath,GB,51.66,-3.8,42.01,93,0,6.93,1584329399
itaituba,BR,-4.28,-55.98,69.91,98,100,1.61,1584329399
namatanai,PG,-3.67,152.43,85.71,71,91,13.4,1584329399
ingham,US,42.6,-84.38,32,74,1,4.7,1584329399
djenne,ML,13.91,-4.55,81.9,15,100,3.87,1584329399
mabaruma,GY,8.2,-59.78,71.62,98,64,2.17,1584329400
georgetown,MY,5.41,100.34,89.6,62,20,6.93,1584328672
copiapo,CL,-27.37,-70.33,62.6,82,0,6.93,1584329384
penzance,GB,50.12,-5.54,46,80,0,5.82,1584329394
tomatlan,MX,19.93,-105.25,69.26,92,56,1.72,1584329400
basco,PH,20.45,121.97,70.25,71,7,24.58,1584329313
poum,NC,-20.23,164.02,81.91,79,0,11.81,1584329401
ribeira grande,PT,38.52,-28.7,56.34,79,4,9.33,1584329297
kulhudhuffushi,MV,6.62,73.07,82.99,74,79,5.57,1584328841
caxito,AO,-8.58,13.66,78.8,88,40,4.7,1584329401
bengkulu,ID,-3.8,102.27,88.81,58,74,1.43,1584329109
yueyang,CN,29.33,113.09,63.34,51,100,3.18,1584329402
wenling,CN,28.37,121.36,64,58,0,5.01,1584329403
khatanga,RU,71.97,102.5,-25.28,93,19,11.5,1584328935
kodiak,US,57.79,-152.41,39.2,64,40,9.17,1584329403
tautira,PF,-17.73,-149.15,86,70,40,12.75,1584329272
brae,GB,60.4,-1.35,39.2,53,5,5.82,1584329403
avera,US,33.19,-82.53,63,82,90,9.17,1584329156
mar del plata,AR,-38,-57.56,60.01,93,0,2.24,1584329246
dinguiraye,GN,11.3,-10.72,71.73,20,100,2.08,1584329404
severo-kurilsk,RU,50.68,156.12,24.84,95,97,46.73,1584328678
pecos,US,31.42,-103.49,57,93,90,6.93,1584329132
meulaboh,ID,4.14,96.13,83.21,75,100,5.86,1584329068
bonavista,CA,48.65,-53.11,24.01,79,0,5.99,1584329399
east london,ZA,-33.02,27.91,69.26,71,97,11.86,1584329348
mahajanga,MG,-15.72,46.32,77,94,20,7.56,1584329405
salalah,OM,17.02,54.09,73.4,73,20,3.36,1584328954
richards bay,ZA,-28.78,32.04,77.61,79,53,26.69,1584329348
shenzhen,CN,22.55,114.07,75.2,47,43,11.18,1584328882
prince rupert,CA,54.32,-130.32,37.4,64,1,3.36,1584329405
hamilton,US,39.18,-84.53,42.01,86,90,3.36,1584329081
cayenne,GF,4.93,-52.33,77,88,75,6.62,1584329404
aljezur,PT,37.32,-8.8,48,73,0,28.5,1584329406
saskylakh,RU,71.92,114.08,-12.32,95,100,20.71,1584329406
tartagal,AR,-22.52,-63.8,69.82,99,46,3.69,1584329165
dargaville,NZ,-35.93,173.88,69.53,55,100,7.23,1584329406
san cristobal,VE,7.77,-72.22,77,69,20,4.7,1584329244
avarua,CK,-21.21,-159.78,84.2,79,100,6.93,1584329220
roald,NO,62.58,6.13,35.6,59,90,12.75,1584329407
cherskiy,RU,68.75,161.3,8.53,85,94,6.58,1584328652
port blair,IN,11.67,92.75,83.52,73,84,11.01,1584329206
goderich,CA,43.75,-81.72,28,72,13,5.99,1584329402
luanda,AO,-8.84,13.23,78.8,88,40,4.7,1584329407
te anau,NZ,-45.42,167.72,49.69,72,98,9.01,1584329347
vila velha,BR,-20.33,-40.29,77,88,20,3.36,1584329374
clyde river,CA,70.47,-68.59,-22,74,20,19.46,1584329223
mirnyy,RU,62.54,113.96,32,91,90,13.42,1584329408
hervey bay,AU,-25.3,152.85,82.4,45,75,17.22,1584329408
brandfort,ZA,-28.7,26.46,60.8,82,10,2.24,1584329408
luderitz,NA,-26.65,15.16,62.6,82,0,10.29,1584328956
saint george,US,37.1,-113.58,55.99,66,1,9.17,1584329315
sivaki,RU,52.63,126.75,20.68,89,78,0.65,1584329409
voi,KE,-3.39,38.56,72.36,92,100,2.17,1584329409
nyurba,RU,63.28,118.33,31.62,99,100,8.05,1584329363
san quintin,MX,30.48,-115.95,59.22,77,0,12.15,1584329353
pevek,RU,69.7,170.31,7.54,82,0,12.26,1584328824
batemans bay,AU,-35.72,150.18,69.01,55,57,5.01,1584329410
sitka,US,57.05,-135.33,42.8,77,1,11.41,1584329221
caravelas,BR,-17.71,-39.25,80.2,80,100,7.7,1584329062
lamesa,US,32.74,-101.95,44.6,94,90,10.29,1584329314
petropavlovsk-kamchatskiy,RU,53.05,158.65,35.6,100,90,15.66,1584329344
barreirinha,BR,-2.79,-57.07,70.86,95,95,2.82,1584329411
honningsvag,NO,70.98,25.97,26.55,70,100,4.88,1584329411
nome,US,64.5,-165.41,30.61,98,100,7.76,1584329128
damietta,EG,31.42,31.81,62.6,93,0,5.82,1584329056
hasaki,JP,35.73,140.83,57,46,75,12.75,1584329240
nekhayevskiy,RU,50.41,41.76,23,79,95,5.99,1584329412
klaksvik,FO,62.23,-6.59,33.8,69,100,19.46,1584329254
half moon bay,US,37.46,-122.43,51.01,70,90,4.7,1584329412
wamba,NG,8.93,8.6,70.25,15,43,1.99,1584329412
kytmanovo,RU,53.46,85.45,36.9,81,100,14.88,1584329412
colares,PT,38.8,-9.45,52,71,20,8.05,1584329412
grindavik,IS,63.84,-22.43,35.6,93,90,33.33,1584328899
altos,BR,-5.04,-42.46,75.2,94,90,3.36,1584329413
alexandria,EG,31.22,29.96,59,87,0,2.24,1584329154
gat,IL,31.61,34.76,57,93,37,2.24,1584329294
brewster,US,41.4,-73.62,43,32,1,4.7,1584329413
samfya,ZM,-11.36,29.56,65.35,98,100,5.82,1584329413
laguna,US,38.42,-121.42,51.8,93,75,8.05,1584329394
tezu,IN,27.92,96.17,72,65,100,1.25,1584329414
suba,PH,10.84,121.01,79.84,73,43,13.27,1584329414
geraldton,AU,-28.77,114.6,77,65,75,11.41,1584329045
merrill,US,45.18,-89.68,28.99,73,1,9.19,1584329414
payakumbuh,ID,-0.22,100.63,75.78,82,72,3.76,1584329259
arkhara,RU,49.42,130.08,17.02,81,11,5.06,1584329414
druzhba,UA,52.04,33.95,26.56,53,0,8.41,1584329415
sunyani,GH,7.34,-2.33,76.93,83,89,6.64,1584329415
nouadhibou,MR,20.93,-17.03,60.8,82,0,18.34,1584329324
vrangel,RU,42.73,133.08,29.95,63,100,20.74,1584329415
shimoda,JP,34.67,138.95,57.2,50,75,4.7,1584329388
noyabrsk,RU,63.2,75.45,-1.26,93,100,23.78,1584329416
the valley,AI,18.22,-63.06,77,73,20,5.82,1584329221
pangnirtung,CA,66.15,-65.71,-19.59,91,100,7.7,1584329016
robertsport,LR,6.75,-11.37,81.95,86,65,7.43,1584329416
sao filipe,CV,14.9,-24.5,70.61,72,14,20.02,1584329398
pahrump,US,36.21,-115.98,60.01,49,1,5.82,1584329317
zihuatanejo,MX,17.63,-101.55,82.4,78,5,5.82,1584329136
havre-saint-pierre,CA,50.23,-63.6,14,51,90,21.92,1584329417
kolpashevo,RU,58.31,82.91,34.27,96,100,17.74,1584329417
lucea,JM,18.45,-78.17,75.2,69,20,5.82,1584329417
cabo san lucas,MX,22.89,-109.91,70,72,75,3.36,1584328987
codrington,AU,-38.27,141.97,60.51,76,0,13.85,1584329039
chivay,PE,-15.64,-71.6,41.68,85,100,4.36,1584329418
deputatskiy,RU,69.3,139.9,-16.01,81,0,3.56,1584329057
komsomolskiy,UZ,40.43,71.72,55.4,46,100,6.93,1584329155
vanimo,PG,-2.67,141.3,76.68,89,100,6.42,1584329211
beyneu,KZ,45.32,55.2,44.2,68,75,5.61,1584329418
wankaner,IN,22.62,70.93,77,35,20,9.17,1584329418
at-bashi,KG,41.17,75.81,10.99,55,17,6.6,1584329419
urubicha,BO,-15.38,-62.95,74.5,96,97,2.98,1584329419
abu samrah,SY,35.3,37.18,51.85,86,2,4.85,1584329359
nelson bay,AU,-32.72,152.15,73.4,60,40,21.92,1584329419
tarko-sale,RU,64.92,77.78,-4.72,80,100,15.99,1584329419
mikkeli,FI,61.69,27.27,37.4,86,90,12.75,1584329420
fort-shevchenko,KZ,44.51,50.26,43.39,72,88,16.42,1584329420
leshukonskoye,RU,64.9,45.76,19.04,90,100,13.38,1584329415
zyryanka,RU,65.75,150.85,1.09,76,5,8.03,1584329253
ornskoldsvik,SE,63.29,18.72,33.8,58,25,17.22,1584329420
kaitangata,NZ,-46.28,169.85,53.01,80,100,1.99,1584329116
salta,AR,-24.79,-65.41,68,93,75,6.93,1584329420
burnie,AU,-41.07,145.92,64,66,78,13,1584329421
bilibino,RU,68.05,166.44,4.89,82,66,3.49,1584329331
keti bandar,PK,24.14,67.45,74.23,29,100,11.61,1584329421
dobryanka,RU,58.46,56.42,24.8,73,0,6.71,1584329421
cidreira,BR,-30.18,-50.21,74.34,91,100,14.25,1584329170
san carlos de bariloche,AR,-41.15,-71.31,48.2,66,0,4.7,1584329304
vanersborg,SE,58.38,12.32,42.01,93,100,5.82,1584329422
touros,BR,-5.2,-35.46,75.2,100,75,4.7,1584329338
hami,CN,42.8,93.45,47.59,18,0,3.09,1584329218
izmaylovo,RU,53.72,47.25,29.71,96,97,7.11,1584329422
namibe,AO,-15.2,12.15,75.52,78,100,5.86,1584329422
sanmenxia,CN,34.77,111.18,60.39,31,100,8.79,1584329422
grand gaube,MU,-20.01,57.66,75.99,94,75,2.24,1584329246
lagoa,PT,39.05,-27.98,60.76,75,0,14,1584329291
puerto madero,MX,14.72,-92.42,80.6,83,75,6.46,1584329423
norman wells,CA,65.28,-126.83,12.2,78,20,20.8,1584329423
kuytun,RU,54.34,101.5,30.47,98,100,6.08,1584329424
asau,RO,46.43,26.4,23,73,0,3.36,1584329079
hudson bay,CA,52.85,-102.38,10.87,88,100,10.22,1584329297
jasper,US,37.2,-94.35,42.8,81,90,3.36,1584329424
vardo,NO,70.37,31.11,26.46,57,100,5.1,1584328937
purna,IN,19.18,77.05,77,50,20,3.36,1584329424
tupiza,BO,-21.45,-65.72,52.27,82,100,8.59,1584329182
gilgit,PK,35.92,74.31,15.55,50,17,1.66,1584329398
hadejia,NG,12.45,10.04,65.23,14,19,7.2,1584329425
bulgan,MN,48.81,103.53,32.34,67,94,6.22,1584329425
sijunjung,ID,-0.69,100.95,80.82,77,25,2.19,1584329425
cabedelo,BR,-6.98,-34.83,77,94,75,4.7,1584329425
odienne,CI,9.51,-7.57,74.7,73,100,4.59,1584329426
kralendijk,BQ,12.15,-68.27,78.8,74,60,6.93,1584329426
lompoc,US,34.64,-120.46,54,93,90,10.29,1584329426
oblivskaya,RU,48.54,42.5,28.33,57,7,9.42,1584329427
yumen,CN,40.28,97.2,44.08,18,68,1.14,1584329427
omsukchan,RU,62.53,155.8,4.82,93,100,8.05,1584329427
nemuro,JP,43.32,145.57,30.2,63,75,3.36,1584329427
palembang,ID,-2.92,104.75,89.35,57,24,4.41,1584329427
morris,US,40.83,-74.53,46.4,24,1,9.17,1584329221
benguela,AO,-12.58,13.41,79.03,82,100,4.18,1584329427
bakchar,RU,57.02,82.07,33.03,87,100,18.95,1584329428
keetmanshoop,NA,-26.58,18.13,71.6,40,0,1.12,1584329105
alice springs,AU,-23.7,133.88,82.4,13,0,9.17,1584328955
matara,LK,5.95,80.54,84.54,67,0,2.89,1584329428
mataram,ID,-8.58,116.12,87.8,70,40,6.93,1584329428
vao,NC,-22.67,167.48,81.21,72,10,28.14,1584329067
alausi,EC,-2.2,-78.83,57.34,98,100,2.06,1584329429
presidencia roque saenz pena,AR,-26.79,-60.44,71.33,95,64,4.83,1584329279
ponta delgada,PT,37.73,-25.67,50,76,20,2.24,1584329408
antsohihy,MG,-14.88,47.99,72.27,98,78,3.98,1584329429
seddon,AU,-37.81,144.89,81,36,0,8.05,1584329429
ancud,CL,-41.87,-73.82,50,93,1,2.24,1584329167
sao gabriel da cachoeira,BR,-0.13,-67.09,75.97,92,100,2.19,1584329430
sudislavl,RU,57.88,41.71,20.75,85,0,3.33,1584329430
ursulo galvan,MX,22.73,-98.3,75,94,20,4.7,1584329430
flinders,AU,-34.58,150.86,73,72,75,12.75,1584329430
nagaur,IN,27.2,73.73,66.52,38,100,9.73,1584329430
ponta do sol,PT,32.67,-17.1,60.8,82,75,11.41,1584329431
ekuvukeni,ZA,-28.47,30.16,62.98,93,61,3.8,1584329431
mayo,US,38.89,-76.51,44.6,80,1,4.7,1584329314
george town,MY,5.41,100.34,89.6,59,20,4.7,1584329431
margate,GB,51.38,1.39,45,93,18,5.82,1584329208
lorengau,PG,-2.02,147.27,84.16,72,100,6.6,1584329431
fortuna,US,40.6,-124.16,44.6,80,20,9.17,1584329006
hobyo,SO,5.35,48.53,80.29,80,69,14.14,1584329300
chama,CH,47.18,8.46,39.99,68,0,1.12,1584329432
ossora,RU,59.24,163.07,31.73,97,100,26.22,1584329432
kropotkin,RU,45.44,40.58,36,49,100,9.46,1584329323
yar-sale,RU,66.83,70.83,-10.44,95,0,4.43,1584329315
nicoya,CR,10.15,-85.45,82.4,58,53,18.34,1584329433
rio grande,BR,-32.03,-52.1,68,100,90,11.63,1584329257
nassau,US,40.75,-73.58,45,33,1,3.36,1584329236
victoria,HK,22.29,114.16,73.99,56,20,16.11,1584328843
montrose,US,38.42,-108.27,55.4,49,1,8.1,1584329433
varzea da palma,BR,-17.6,-44.73,65.68,91,100,4.81,1584329434
inyonga,TZ,-6.72,32.07,64.98,94,100,1.41,1584329434
sioux lookout,CA,50.1,-91.92,24.8,92,90,5.82,1584329416
diffa,NE,13.32,12.61,64.06,15,29,5.99,1584329434
neepawa,CA,50.23,-99.47,24.8,92,90,14.99,1584329434
san jeronimo,PE,-11.95,-75.28,43.45,90,100,3.69,1584329434
nuevo progreso,MX,23.17,-97.95,73.99,95,6,1.01,1584329434
ust-kut,RU,56.79,105.77,29.16,89,100,11.36,1584329435
coxim,BR,-18.51,-54.76,77.9,74,99,2.26,1584329435
isla vista,US,34.41,-119.86,57.2,81,90,11.41,1584329435
tilichiki,RU,60.47,166.1,28.92,96,100,23.58,1584329435
upernavik,GL,72.79,-56.15,-22.16,78,0,6.15,1584328956
okhotsk,RU,59.38,143.3,10.83,78,21,13.06,1584329241
ketchikan,US,55.34,-131.65,44.6,64,1,14.99,1584329436
coquimbo,CL,-29.95,-71.34,60.8,87,90,4.47,1584329244
sorong,ID,-0.88,131.25,89.85,49,0,4.94,1584329346
hambantota,LK,6.12,81.12,80.6,83,24,4.7,1584328839
ulladulla,AU,-35.35,150.47,69.01,72,75,12.75,1584329436
tochigi,JP,36.38,139.73,57.99,43,75,4.7,1584329436
calabar,NG,4.95,8.32,80.28,87,11,1.1,1584329437
dumka,IN,24.27,87.25,78.84,34,62,5.86,1584329437
jiexiu,CN,37.02,111.91,53.26,20,100,8.86,1584329429
libertador general san martin,AR,-23.81,-64.79,67.62,95,87,0.38,1584329437
todos santos,MX,23.45,-110.22,70,49,75,4.38,1584329437
xichang,CN,27.9,102.26,54.79,44,0,10.09,1584329437
batagay-alyta,RU,67.8,130.41,-4.2,95,100,8.99,1584329438
alta floresta,BR,-9.88,-56.09,70.84,98,100,3.09,1584329438
baker city,US,44.77,-117.83,39.99,93,75,6.93,1584329438
smithers,CA,54.78,-127.17,28.4,42,5,3.36,1584328723
quesnel,CA,53,-122.5,21.2,53,1,2.24,1584329162
whitecourt,CA,54.15,-115.69,19.4,41,40,8.05,1584329439
emerald,AU,-23.53,148.17,84.99,45,0,12.75,1584329439
poros,GR,37.5,23.45,48.99,76,90,10.29,1584329439
oltedal,NO,58.83,6.05,41,100,75,9.17,1584329439
huarmey,PE,-10.07,-78.15,73.71,69,100,2.3,1584329439
fukue,JP,32.69,128.84,50,43,40,9.17,1584329439
muros,ES,42.78,-9.06,48.99,93,75,3.36,1584329439
nanortalik,GL,60.14,-45.24,18.41,65,19,24.92,1584328845
mokrous,RU,51.23,47.52,27.93,65,100,15.14,1584329440
pemangkat,ID,1.17,108.97,84.9,71,2,7.67,1584329332
banda aceh,ID,5.56,95.32,85.28,64,59,6.04,1584329440
veraval,IN,20.9,70.37,78.73,16,100,18.72,1584329440
sechura,PE,-5.56,-80.82,76.78,77,99,7.58,1584329440
yashalta,RU,46.34,42.28,32.34,41,100,9.93,1584329440
aksarka,RU,66.56,67.8,-6.86,80,44,8.77,1584329441
marsh harbour,BS,26.54,-77.06,72.45,73,0,10.94,1584328865
kirakira,SB,-10.45,161.92,82.31,75,100,6.67,1584329441
kjollefjord,NO,70.95,27.35,22.57,78,100,6.26,1584329441
sept-iles,CA,50.2,-66.38,14,43,90,14.99,1584329441
portland,US,45.52,-122.68,42.01,44,75,24.16,1584329205
krasnokamensk,RU,50.1,118.04,20.43,92,100,5.3,1584329441
mezen,RU,65.85,44.24,22.12,94,100,16.78,1584329442
taltal,CL,-25.4,-70.48,57.81,89,0,3.4,1584329442
puerto quijarro,BO,-17.78,-57.77,74.48,94,86,3.56,1584329442
nikolsk,RU,53.72,46.07,30.09,95,100,11.48,1584329442
ust-nera,RU,64.57,143.2,-12.82,90,86,3.96,1584329442
ust-kulom,RU,61.69,53.69,2.26,94,0,5.03,1584329442
gizo,SB,-8.1,156.84,83.79,68,98,6.85,1584329443
asha,RU,55,57.27,27.48,96,100,4.29,1584329443
varkaus,FI,62.32,27.87,34,92,90,17.22,1584329443
riacho de santana,BR,-13.61,-42.94,73.4,94,100,2.24,1584329443
katima mulilo,NA,-17.5,24.27,71.6,100,90,2.33,1584329443
pacatuba,BR,-3.98,-38.62,80.6,83,75,3.36,1584329443
hit,IQ,33.64,42.83,61.39,67,100,2.04,1584329366
patrasaer,IN,23.22,87.52,75.2,69,40,2.24,1584329444
oistins,BB,13.07,-59.53,77,78,40,8.05,1584329444
black river,JM,18.03,-77.85,75.2,69,20,5.82,1584329443
carutapera,BR,-1.2,-46.02,78.42,85,100,8.68,1584328916
leh,IN,34.17,77.58,9.41,45,0,2.68,1584329445
santa rosa,PH,14.31,121.11,84.99,66,75,8.05,1584329445
mahanje,TZ,-9.93,35.33,66.04,95,100,2.26,1584329418
lesnyye polyany,RU,55.97,37.87,25,85,0,6.71,1584329445
husavik,IS,66.04,-17.34,30.2,86,90,14.99,1584329050
mingshui,CN,36.72,117.5,60.01,29,100,3,1584329446
kalabo,ZM,-14.97,22.68,65.73,94,100,3.53,1584329446
chingirlau,KZ,51.09,54.08,30.22,58,100,11.3,1584329446
wahpeton,US,46.27,-96.61,32,87,100,12.75,1584329446
itarema,BR,-2.92,-39.92,75.02,97,100,4.07,1584329164
havelock,US,34.88,-76.9,50,71,90,18.34,1584329429
do gonbadan,IR,30.36,50.8,51.8,81,20,6.38,1584329447
ayr,GB,55.46,-4.63,41,86,40,2.24,1584329447
impfondo,CG,1.64,18.07,75.06,81,100,2.17,1584329447
fairbanks,US,64.84,-147.72,30.2,86,90,9.17,1584329345
tabou,CI,4.42,-7.35,74.95,95,100,1.74,1584329253
oksfjord,NO,70.24,22.35,23,79,88,11.41,1584329447
ekhabi,RU,53.51,142.97,5.86,89,24,14.79,1584329447
makarov,RU,48.63,142.8,21.56,56,58,15.68,1584329448
maceio,BR,-9.67,-35.74,75.2,94,90,8.05,1584329404
beloha,MG,-25.17,45.05,70.34,97,51,8.3,1584329360
zhengjiatun,CN,43.51,123.51,34.43,17,4,17.78,1584329448
birjand,IR,32.87,59.22,50,81,75,6.93,1584329448
constitucion,CL,-35.33,-72.42,53.01,80,0,5.91,1584329159
gannan,CN,47.91,123.5,22.14,69,47,5.1,1584329449
kambove,CD,-10.88,26.6,62.87,97,100,3.4,1584329449
yulara,AU,-25.24,130.99,89.6,8,0,9.17,1584329213
benghazi,LY,32.12,20.07,63,65,0,8.88,1584329449
sao cristovao,BR,-11.01,-37.21,82.4,78,40,6.93,1584329449
miandrivazo,MG,-19.52,45.47,75.4,87,4,1.41,1584329449
muisne,EC,0.6,-80.03,75.87,87,6,2.28,1584329450
camacha,PT,33.08,-16.33,60.8,72,40,13.87,1584329450
semey,KZ,50.41,80.23,35.6,80,100,8.95,1584329193
buala,SB,-8.14,159.59,83.62,75,100,9.55,1584329262
aksu,CN,41.12,80.26,48.02,21,0,6.04,1584329450
broken hill,AU,-31.95,141.43,80.6,28,40,11.41,1584329251
hopelchen,MX,19.77,-89.85,78.8,88,40,2.95,1584329450
yuzhno-sukhokumsk,RU,44.66,45.64,35.92,94,100,9.6,1584329451
teya,RU,60.38,92.63,30.18,91,100,8.63,1584329451
haverfordwest,GB,51.8,-4.97,37,91,0,9.33,1584329412
plettenberg bay,ZA,-34.05,23.37,62.04,86,92,10.36,1584329451
bull savanna,JM,17.89,-77.59,65.79,83,0,5.35,1584329451
port augusta,AU,-32.5,137.77,80.6,32,72,11.41,1584329451
santa maria,BR,-29.68,-53.81,73.4,88,75,10.29,1584329232
ende,ID,-8.84,121.66,84.45,64,9,1.41,1584329452
olafsvik,IS,64.89,-23.71,32.27,91,100,23.6,1584329274
russell,US,32.35,-85.2,71.6,64,90,5.08,1584329452
chipoka,MW,-13.99,34.52,68.67,70,8,5.48,1584329452
mountain home,US,43.13,-115.69,46.4,100,40,10.29,1584329452
malanje,AO,-9.54,16.34,63.84,98,77,3.85,1584329246
verkhoyansk,RU,67.54,133.38,-4.2,71,97,5.73,1584329199
arlit,NE,18.74,7.39,71.87,12,100,8.5,1584329433
nevers,FR,46.92,3.33,48.2,76,94,3.36,1584329453
hofn,IS,64.25,-15.21,41.2,67,100,34.27,1584329336
rio gallegos,AR,-51.62,-69.22,62.96,58,100,16.04,1584329362
opunake,NZ,-39.46,173.86,70,67,100,4,1584329408
buraydah,SA,26.33,43.98,57.2,87,0,5.82,1584329453
ybycui,PY,-26.02,-57.05,77.58,67,58,6.91,1584329453
kizukuri,JP,40.81,140.39,37.4,88,75,4.7,1584329454
inirida,CO,3.87,-67.92,76.82,86,67,2.08,1584329454
axim,GH,4.87,-2.24,78.22,92,50,4.56,1584329230
chapais,CA,49.78,-74.85,-14.8,75,1,0.89,1584329454
lysyanka,UA,49.25,30.83,29.46,59,0,8.32,1584329454
hammerfest,NO,70.66,23.68,23,73,90,9.17,1584329454
mimongo,GA,-1.62,11.61,68.14,98,76,2.91,1584329454
tromso,NO,69.65,18.96,26.6,68,75,19.46,1584328641
gazli,UZ,40.13,63.45,61.56,37,100,7.9,1584329455
chiredzi,ZW,-21.05,31.67,71.46,86,74,8.57,1584329455
puerto leguizamo,CO,-0.19,-74.78,74.86,83,95,1.77,1584329224
baryatino,RU,54.31,34.52,24.1,59,0,4.32,1584329455
erdenet,MN,49.03,104.08,31.03,76,100,5.48,1584329455
sovetskiy,RU,61.36,63.58,9.09,76,10,5.73,1584328989
aykhal,RU,66,111.5,24.8,92,90,6.71,1584329289
morro bay,US,35.37,-120.85,55,87,90,5.82,1584329418
cheney,US,47.49,-117.58,35.01,87,90,5.82,1584329156
caconda,AO,-13.73,15.07,62.22,98,100,3.69,1584329456
nouakchott,MR,18.09,-15.98,68,49,0,17.22,1584329456
ambanja,MG,-13.68,48.45,78.8,83,40,2.42,1584329456
mount isa,AU,-20.73,139.5,91.4,24,39,10.29,1584329425
tavda,RU,58.04,65.27,21.92,90,0,7.16,1584329457
ndele,CF,8.41,20.65,74.7,24,38,0.56,1584329457
itacoatiara,BR,-3.14,-58.44,73.4,100,99,2.59,1584329457
handlova,SK,48.73,18.76,35.6,79,49,2.59,1584329457
mahon,ES,39.89,4.27,55.4,93,99,16.11,1584329457
coahuayana,MX,18.73,-103.68,71.6,88,40,6.93,1584329457
brownsville,US,25.9,-97.5,73.99,88,90,9.17,1584329458
omboue,GA,-1.57,9.26,74.73,95,92,2.01,1584329407
maragogi,BR,-9.01,-35.22,82.15,74,46,5.64,1584329458
bandarbeyla,SO,9.49,50.81,79.02,71,100,6.4,1584329434
nioro,GM,13.35,-15.75,71.37,29,89,10.25,1584329458
araouane,ML,18.9,-3.53,76.08,8,0,11.41,1584329458
broome,US,42.25,-75.83,27,45,1,9.17,1584328980
tirau,NZ,-37.98,175.75,72,69,100,3,1584329459
aklavik,CA,68.22,-135.01,-0.4,70,75,4.7,1584329292
khorixas,NA,-20.37,14.97,73.56,34,75,0.83,1584329459
tonantins,BR,-2.87,-67.8,75.15,93,79,2.68,1584329459
curitibanos,BR,-27.28,-50.58,68.25,63,50,0.31,1584329459
panama city,PA,8.99,-79.52,80.6,78,9,6.93,1584329356
aleksandrov gay,RU,50.15,48.57,29.37,46,85,15.3,1584329460
mahibadhoo,MV,3.78,72.97,83.3,68,5,5.35,1584329460
eldorado,BR,-23.79,-54.28,74.59,75,70,2.95,1584329460
kruisfontein,ZA,-34,24.73,60.33,88,100,10.02,1584329025
tarata,BO,-17.62,-66.02,62.6,77,75,3.36,1584329460
podujevo,XK,42.91,21.19,33.8,74,75,9.17,1584329461
yichang,CN,30.71,111.28,59.52,62,100,2.73,1584329461
virginia beach,US,36.85,-75.98,48.2,61,90,12.75,1584328851
soissons,FR,49.33,3.33,44.6,87,36,3.36,1584329461
pochutla,MX,15.74,-96.47,82.4,83,40,5.82,1584329461
west bay,KY,19.37,-81.42,78.8,74,20,9.17,1584329461
umm lajj,SA,25.02,37.27,68.52,37,0,9.75,1584329462
batagay,RU,67.63,134.63,-5.44,79,89,4.92,1584329462
eirunepe,BR,-6.66,-69.87,74.79,94,100,1.07,1584329462
mareeba,AU,-17,145.43,89.6,46,57,10.29,1584329462
gaoual,GN,11.75,-13.2,69.39,23,38,0.89,1584329210
agadir,MA,30.42,-9.6,57.2,87,16,3.36,1584329462
boguchany,RU,58.38,97.45,32.27,89,100,9.24,1584329462
severo-yeniseyskiy,RU,60.37,93.04,30.33,90,100,8.57,1584329463
lovozero,RU,68,35.01,24.04,94,100,4.18,1584329463
gravdal,NO,68.12,13.5,30.45,58,33,20.83,1584329463
sumbe,AO,-11.21,13.84,77.09,89,100,1.03,1584329463
dunedin,NZ,-45.87,170.5,53.01,81,88,1.99,1584329051
abha,SA,18.22,42.51,55.4,93,78,2.28,1584329031
kieta,PG,-6.22,155.63,83.5,72,100,6.33,1584329084
kutum,SD,14.2,24.67,57.13,28,20,4.99,1584329463
sohag,EG,26.56,31.69,60.8,63,0,4.7,1584329426
mehamn,NO,71.04,27.85,20.05,79,100,8.3,1584329246
tuatapere,NZ,-46.13,167.68,54,71,78,15.01,1584329372
khani,GE,41.96,42.96,42.8,93,90,14.99,1584329383
truth or consequences,US,33.13,-107.25,60.8,29,1,9.17,1584329464
westport,US,41.14,-73.36,44.6,26,1,11.41,1584329344
alenquer,BR,-1.94,-54.74,75.2,94,75,4.7,1584329465
linfen,CN,36.09,111.52,60.1,19,100,8.55,1584329347
quatre cocos,MU,-20.21,57.76,77,94,75,2.24,1584329401
ugoofaaru,MV,5.67,73,83.39,74,37,8.75,1584329465
wageningen,NL,51.97,5.67,48,93,100,2.24,1584329378
kachkanar,RU,58.7,59.49,14.86,90,5,1.97,1584329465
ust-ilimsk,RU,58,102.66,31.21,88,96,10.65,1584329466
abilene,US,32.45,-99.73,50,87,75,6.93,1584329250
port macquarie,AU,-31.43,152.92,75,88,21,4.7,1584329109
warri,NG,5.52,5.75,79.09,92,92,1.99,1584329466
kaeo,NZ,-35.1,173.78,68,76,100,4,1584329303
banjar,ID,-8.19,114.97,87.8,79,40,4.7,1584329115
bintulu,MY,3.17,113.03,87.8,70,75,8.05,1584329279
emba,KZ,48.83,58.14,28.71,88,100,2.01,1584329467
nibbar,TN,36.29,8.77,46.85,91,46,2.98,1584329467
almaznyy,RU,48.04,40.05,17.6,78,0,4.47,1584329467
mityana,UG,0.42,32.02,63.73,97,54,1.7,1584329467
port hardy,CA,50.7,-127.42,41,48,5,4.7,1584329197
yanam,IN,16.73,82.22,80.6,69,46,5.82,1584329245
oranjemund,NA,-28.55,16.43,58.33,93,1,2.73,1584329360
eydhafushi,MV,5.1,73.07,83.66,72,42,9.42,1584329468
schwandorf,DE,49.33,12.11,37.99,74,1,3.36,1584329468
kibala,TD,9.11,18.35,73.42,13,25,5.48,1584329468
teguldet,RU,57.31,88.17,36.54,87,100,15.05,1584329468
watertown,US,42.37,-71.18,35.01,29,1,13.87,1584329398
iquique,CL,-20.22,-70.14,71.6,64,0,8.05,1584329469
fraserburgh,GB,57.69,-2.02,37.99,88,0,5.82,1584329469
wattegama,LK,6.8,81.48,80.6,83,41,4.7,1584329469
puerto baquerizo moreno,EC,-0.9,-89.6,79.48,80,82,5.7,1584329064
amod,IN,21.98,72.9,68,45,100,6.93,1584329469
balabac,PH,7.99,117.06,84.78,65,0,13.98,1584329469
valle de allende,MX,26.93,-105.4,65.73,40,90,4.07,1584329469
nesterov,RU,54.63,22.57,33.96,39,100,16.93,1584329470
moron,AR,-34.65,-58.62,68,87,0,5.82,1584329470
grevesmuhlen,DE,53.87,11.18,48,70,85,3,1584329470
koungou,YT,-12.73,45.2,82.4,83,63,6.93,1584329470
shelburne,CA,44.08,-80.2,28,58,5,9.17,1584329470
rantepao,ID,-2.97,119.9,77.32,81,100,2.8,1584329468
kiunga,PG,-6.12,141.29,73.54,98,100,2.46,1584329385
henties bay,NA,-22.12,14.28,61,95,0,1.99,1584329263
itapirapua,BR,-15.82,-50.61,70.92,92,0,2.33,1584329471
amahai,ID,-3.33,128.92,82.33,70,88,3.49,1584329471
harper,LR,4.38,-7.72,74.95,95,100,1.74,1584329406
mariveles,PH,14.48,120.48,86,58,75,13.87,1584329471
guerrero negro,MX,27.98,-114.06,60.51,72,0,15.5,1584329269
tulle,FR,45.33,1.83,50,81,100,20.8,1584329472
totness,SR,5.88,-56.32,79.68,79,86,13.38,1584329472
bahia de caraquez,EC,-0.6,-80.42,80.6,83,40,3.36,1584329472
rudnyy,KZ,52.96,63.12,24.8,92,93,3.71,1584329472
rezh,RU,57.37,61.4,23.76,91,64,2.51,1584329472
kununurra,AU,-15.77,128.73,95,34,41,10.29,1584328969
marawi,PH,8,124.29,81,77,32,7,1584329473
yerbogachen,RU,61.28,108.01,31.19,93,100,14.45,1584329373
sur,OM,22.57,59.53,67.82,70,12,9.22,1584329473
mantua,IT,45.17,10.78,45,86,0,3.36,1584329385
nizwa,OM,22.93,57.53,59.68,53,0,1.77,1584329285
blagoyevo,RU,63.37,47.92,15.15,85,19,11.72,1584329473
adrar,MR,20.5,-10.07,67.33,20,0,12.62,1584329014
ha tinh,VN,18.33,105.9,71.94,93,100,6.13,1584329474
bayir,TR,37.27,28.22,50,93,75,3.36,1584329474
hualmay,PE,-11.1,-77.61,71.74,79,100,4.25,1584329263
rocha,UY,-34.48,-54.33,53.87,91,26,2.37,1584329008
vila franca do campo,PT,37.72,-25.43,50,76,20,2.24,1584329279
kabo,CF,7.7,18.63,76.77,15,81,4.47,1584329474
manavalakurichi,IN,8.13,77.3,84.2,66,20,4.7,1584329475
okahandja,NA,-21.98,16.92,68,60,0,3.36,1584329475
